<?xml version="1.0" encoding="UTF-8"?>
<!DOCTYPE mapper PUBLIC "-//mybatis.org//DTD Mapper 3.0//EN" "http://mybatis.org/dtd/mybatis-3-mapper.dtd">
<mapper namespace="com.smzc.taxi.dispatch.dao.DispatchMapper">
    <resultMap id="SystemConfigurationResultMap" type="com.smzc.taxi.dispatch.domain.SystemConfigurationBean">
        <id column="id" jdbcType="BIGINT" property="id" />
        <result column="config_key" jdbcType="VARCHAR" property="configKey" />
        <result column="config_value" jdbcType="VARCHAR" property="configValue" />
        <result column="group_name" jdbcType="VARCHAR" property="groupName" />
        <result column="area_code" jdbcType="VARCHAR" property="areaCode" />
        <result column="comment" jdbcType="VARCHAR" property="comment" />
        <collection property="timeConfigValueBeanList" ofType="com.smzc.taxi.dispatch.domain.TimeConfigValueBean">
            <result column="dconfig_value" property="configValue"/>
            <result column="day_start" property="dayStart"/>
            <result column="day_end" property="dayEnd"/>
            <result column="day_type" property="dayType"/>
            <result column="time_start" property="timeStart"/>
            <result column="time_end" property="timeEnd"/>
            <result column="priority" property="priority"/>
        </collection>
    </resultMap>

    <select id="findSystemConfiguration" parameterType="java.lang.String" resultMap="SystemConfigurationResultMap">
        SELECT
            a.id,
            a.config_key,
            a.config_value,
            a.group_name,
            a.area_code,
            a.comment,
            b.config_value AS dconfig_value,
            c.day_start,
            c.day_end,
            c.day_type,
            b.time_start,
            b.time_end,
            b.priority
        FROM
            system_configuration a
        LEFT JOIN system_configuration_ext b on a.id = b.system_configuration_id
        LEFT JOIN day_dictionary c ON b.day_dictionary_id = c.id
	    WHERE a.group_name like 'TAXI_DISPATCH_AD_%'
	    ORDER BY b.priority DESC
    </select>

</mapper>