<?xml version="1.0" encoding="UTF-8"?>  
<!DOCTYPE generatorConfiguration  
        PUBLIC "-//mybatis.org//DTD MyBatis Generator Configuration 1.0//EN"  
        "http://mybatis.org/dtd/mybatis-generator-config_1_0.dtd">
<generatorConfiguration>

	<context id="seekonTables" targetRuntime="MyBatis3" defaultModelType="flat">
		<commentGenerator>
			<property name="suppressDate" value="true" />
			<property name="suppressAllComments" value="true" />
		</commentGenerator>
		
		<jdbcConnection driverClass="com.mysql.jdbc.Driver"
			connectionURL="jdbc:mysql://10.28.17.177:3306/smzc?useUnicode=true&amp;characterEncoding=utf8&amp;serverTimezone=UTC&amp;zeroDateTimeBehavior=round&amp;nullCatalogMeansCurrent=true" userId="smapp"
			password="smcdyanfa">
		</jdbcConnection>
		
		<javaTypeResolver>
			<property name="forceBigDecimals" value="false" />
		</javaTypeResolver>

	
		<javaModelGenerator
			targetPackage="com.smzc.taxi.centorcontrol.domain"
			targetProject="smzc-taxi-centorcontrol-provider/src/main/java">
			<property name="enableSubPackages" value="true" />
			<property name="trimStrings" value="true" />
		</javaModelGenerator>

		<sqlMapGenerator targetPackage="mybatis"
			targetProject="smzc-taxi-centorcontrol-provider/src/main/resources">
			<property name="enableSubPackages" value="false" />
		</sqlMapGenerator>

		<javaClientGenerator type="XMLMAPPER"
			targetPackage="com.smzc.taxi.centorcontrol.dao"
			targetProject="smzc-taxi-centorcontrol-provider/src/main/java">
			<property name="enableSubPackages" value="true" />
		</javaClientGenerator>

		<table tableName="order_extend" domainObjectName="OrderExtend"
			enableCountByExample="false" enableUpdateByExample="false"
			enableDeleteByExample="false" enableSelectByExample="false"
			selectByExampleQueryId="false"  >
		</table>


	</context>
</generatorConfiguration>