<?xml version="1.0" encoding="UTF-8"?>

<configuration scan="true">
    <property name="APP" value="${project.name}" />
    <property name="LOG_HOME" value="/smapp/servers/log/${project.name}" />

    <appender name="CONSOLE" class="ch.qos.logback.core.ConsoleAppender">
        <encoder>
            <pattern>%d{yyyy-MM-dd HH:mm:ss.SSS} [%thread] %-5level %logger{50} - %msg%n</pattern>
        </encoder>
    </appender>

    <appender name="DETAIL" class="ch.qos.logback.core.rolling.RollingFileAppender" additivity="false">
        <File>${LOG_HOME}/${APP}_detail.log</File>
        <encoder>
            <pattern>%d{yyyy-MM-dd HH:mm:ss.SSS} [%thread] %-5level %logger{50} - %msg%n</pattern>
        </encoder>
        <rollingPolicy class="ch.qos.logback.core.rolling.TimeBasedRollingPolicy">
            <fileNamePattern>${LOG_HOME}/${APP}_detail.log.%d{yyyyMMdd}</fileNamePattern>
        </rollingPolicy>

        <triggeringPolicy class="ch.qos.logback.core.rolling.SizeAndTimeBasedRollingPolicy">
            <fileNamePattern>${LOG_HOME}/${APP}_detail.log.%d{yyyyMMdd}.%i</fileNamePattern>
            <maxFileSize>1024MB</maxFileSize>
        </triggeringPolicy>

    </appender>

    <appender name="ACCESS" class="ch.qos.logback.core.rolling.RollingFileAppender" additivity="false">
        <File>${LOG_HOME}/${APP}_access.log</File>
        <encoder>
            <pattern>%d{yyyy-MM-dd HH:mm:ss.SSS} [%thread] %-5level %logger{50} - %msg%n</pattern>
        </encoder>
        <rollingPolicy class="ch.qos.logback.core.rolling.TimeBasedRollingPolicy">
            <fileNamePattern>${LOG_HOME}/${APP}_access.log.%d{yyyyMMdd}</fileNamePattern>
        </rollingPolicy>

        <triggeringPolicy class="ch.qos.logback.core.rolling.SizeAndTimeBasedRollingPolicy">
            <fileNamePattern>${LOG_HOME}/${APP}_access.log.%d{yyyyMMdd}.%i</fileNamePattern>
            <maxFileSize>1024MB</maxFileSize>
        </triggeringPolicy>
    </appender>

    <appender name="ERROR" class="ch.qos.logback.core.rolling.RollingFileAppender" additivity="false">
        <File>${LOG_HOME}/${APP}_error.log</File>
        <encoder>
            <pattern>%d{yyyy-MM-dd HH:mm:ss.SSS} [%thread] %-5level %logger{50} - %msg%n</pattern>
        </encoder>
        <rollingPolicy class="ch.qos.logback.core.rolling.TimeBasedRollingPolicy">
            <fileNamePattern>${LOG_HOME}/${APP}_error.log.%d{yyyyMMdd}</fileNamePattern>
        </rollingPolicy>

        <triggeringPolicy class="ch.qos.logback.core.rolling.SizeAndTimeBasedRollingPolicy">
            <fileNamePattern>${LOG_HOME}/${APP}_error.log.%d{yyyyMMdd}.%i</fileNamePattern>
            <maxFileSize>1024MB</maxFileSize>
        </triggeringPolicy>

        <layout>
            <pattern>%d{yyyy-MM-dd HH:mm:ss.SSS} [%thread] %-5level %logger{50} - %msg%n</pattern>
        </layout>

        <filter class="ch.qos.logback.classic.filter.LevelFilter">
            <level>ERROR</level>
            <onMatch>ACCEPT</onMatch>
            <onMismatch>DENY</onMismatch>
        </filter>
    </appender>

    <logger name="ACCESS">
        <appender-ref ref="ACCESS" />
    </logger>

    <logger name="org.springframework.security.web" level="ERROR" />
    <logger name="org.springframework.context.support" level="ERROR" />
    <logger name ="ch.qos.logback.core" level="ERROR"/>
    <logger name="com.smzc.taxi.job" level="INFO" />
    <logger name="org.springframework.boot.context.config.ConfigFileApplicationListener" level="INFO"/>
    <root level="INFO">
        <appender-ref ref="DETAIL" />
        <appender-ref ref="CONSOLE" />
        <appender-ref ref="ERROR" />
    </root>
</configuration>