<?xml version="1.0" encoding="UTF-8"?>
<beans xmlns="http://www.springframework.org/schema/beans"
       xmlns:xsi="http://www.w3.org/2001/XMLSchema-instance"
       xmlns:context="http://www.springframework.org/schema/context"
       xsi:schemaLocation="http://www.springframework.org/schema/beans
           http://www.springframework.org/schema/beans/spring-beans.xsd
           http://www.springframework.org/schema/context
           http://www.springframework.org/schema/context/spring-context.xsd">


    <!-- ********************************* 基础配置 ********************************* -->

    <!-- 配置01、JobHandler 扫描路径 -->
    <context:component-scan base-package="com.smzc.taxi.job.handler"/>

    <!-- 配置02、执行器 -->
    <bean id="xxlJobSpringExecutor" class="com.xxl.job.core.executor.impl.XxlJobSpringExecutor" init-method="start"
          destroy-method="destroy">
        <!-- 执行器注册中心地址[选填]，为空则关闭自动注册 -->
        <property name="adminAddresses" value="http://taxi.xxljob.vvip-u.com/xxl-job-admin"/>
        <!-- 执行器AppName[选填]，为空则关闭自动注册 -->
        <property name="appName" value="smzc-taxi-job-executor"/>
        <!-- 执行器IP[选填]，为空则自动获取 -->
        <property name="ip" value=""/>
        <!-- 执行器端口号[选填]，小于等于0则自动获取 -->
        <property name="port" value="9999"/>
        <!-- 访问令牌[选填]，非空则进行匹配校验 -->
        <property name="accessToken" value=""/>
        <!-- 执行器日志路径[选填]，为空则使用默认路径 -->
        <property name="logPath" value=""/>
        <!-- 日志保存天数[选填]，值大于3时生效 -->
        <property name="logRetentionDays" value="-1"/>
    </bean>


</beans>