<?xml version="1.0" encoding="UTF-8"?>
<!DOCTYPE mapper PUBLIC "-//mybatis.org//DTD Mapper 3.0//EN" "http://mybatis.org/dtd/mybatis-3-mapper.dtd">
<mapper namespace="com.smzc.taxi.order.dao.mapper.OrderEvaluateMapper">
    <resultMap id="BaseResultMap" type="com.smzc.taxi.order.domain.OrderEvaluate">
        <id column="id" jdbcType="BIGINT" property="id"/>
        <result column="created_by" jdbcType="VARCHAR" property="createdBy"/>
        <result column="created_time" jdbcType="TIMESTAMP" property="createdTime"/>
        <result column="updated_by" jdbcType="VARCHAR" property="updatedBy"/>
        <result column="updated_time" jdbcType="TIMESTAMP" property="updatedTime"/>
        <result column="version" jdbcType="INTEGER" property="version"/>
        <result column="del_flag" jdbcType="BIT" property="delFlag"/>
        <result column="content" jdbcType="VARCHAR" property="content"/>
        <result column="score" jdbcType="TINYINT" property="score"/>
        <result column="tag_names" jdbcType="VARCHAR" property="tagNames"/>
        <result column="order_id" jdbcType="BIGINT" property="orderId"/>
        <result column="driver_id" jdbcType="BIGINT" property="driverId"/>
    </resultMap>

    <resultMap id="DriverEvaluateDayBeanRM" type="com.smzc.taxi.service.order.bean.vo.OrderEvaluateDriverDayVo">
        <result column="driverId" jdbcType="BIGINT" property="driverId"/>
        <result column="totalScore" jdbcType="INTEGER" property="totalScore"/>
        <result column="totalNum" jdbcType="INTEGER" property="totalNum"/>
    </resultMap>

    <sql id="Base_Column_List">
        id, created_by, created_time, updated_by, updated_time, version, del_flag, content,
        score, tag_names, order_id, driver_id
    </sql>

    <select id="selectByOrderId" parameterType="java.lang.Long" resultMap="BaseResultMap">
        select
        <include refid="Base_Column_List"/>
        from order_evaluate
        where order_id = #{orderId,jdbcType=BIGINT}
    </select>

    <insert id="insert" parameterType="com.smzc.taxi.order.domain.OrderEvaluate">
        insert into order_evaluate (id, created_by, created_time,
                                    updated_by, updated_time, version, del_flag,
                                    content, score, tag_names, order_id, driver_id)
        values (#{id,jdbcType=BIGINT}, #{createdBy,jdbcType=VARCHAR}, #{createdTime,jdbcType=TIMESTAMP},
                #{updatedBy,jdbcType=VARCHAR}, #{updatedTime,jdbcType=TIMESTAMP}, #{version,jdbcType=INTEGER},
                #{delFlag,jdbcType=BIT}, #{content,jdbcType=VARCHAR}, #{score,jdbcType=TINYINT},
                #{tagNames,jdbcType=VARCHAR}, #{orderId,jdbcType=BIGINT}, #{driverId,jdbcType=BIGINT})
    </insert>

    <select id="countByOrderId" parameterType="java.lang.Long" resultType="java.lang.Integer">
        select count(id)
        from order_evaluate
        where order_id = #{orderId,jdbcType=BIGINT}
    </select>

    <select id="selectDriverEvaluateDay" resultMap="DriverEvaluateDayBeanRM">
        SELECT driver_id  AS driverId,
               sum(score) AS totalScore,
               count(*)   AS totalNum
        FROM order_evaluate
        WHERE created_time &lt;= #{endDate}
          AND created_time >= #{beginDate}
        GROUP BY driver_id
    </select>


    <select id="selectDriverEvaluateDayByMobileList" resultMap="DriverEvaluateDayBeanRM">
        SELECT
            evaluate.driver_id AS driverId,
            sum(evaluate.score) AS totalScore,
            count(*) AS totalNum
        FROM
            order_evaluate evaluate,
            order_info info
        WHERE evaluate.created_time &lt;= #{endDate}
        AND evaluate.created_time >= #{beginDate}
        AND  evaluate.order_id = info.id
        AND info.driver_phone IN
        <foreach collection="list" item="mobile" index="index" open="(" close=")" separator=",">
            #{mobile}
        </foreach>
        GROUP BY
            evaluate.driver_id
    </select>

</mapper>