<?xml version="1.0" encoding="UTF-8"?>
<!DOCTYPE mapper PUBLIC "-//mybatis.org//DTD Mapper 3.0//EN" "http://mybatis.org/dtd/mybatis-3-mapper.dtd">
<mapper namespace="com.smzc.taxi.order.dao.mapper.OrderNoteMapper">
    <resultMap id="BaseResultMap" type="com.smzc.taxi.order.domain.OrderNote">
        <id column="id" jdbcType="BIGINT" property="id"/>
        <result column="order_id" jdbcType="BIGINT" property="orderId"/>
        <result column="content" jdbcType="VARCHAR" property="content"/>
        <result column="is_read" jdbcType="BIT" property="isRead"/>
        <result column="del_flag" jdbcType="TINYINT" property="delFlag"/>
        <result column="version" jdbcType="INTEGER" property="version"/>
        <result column="created_by" jdbcType="VARCHAR" property="createdBy"/>
        <result column="created_time" jdbcType="TIMESTAMP" property="createdTime"/>
        <result column="updated_by" jdbcType="VARCHAR" property="updatedBy"/>
        <result column="updated_time" jdbcType="TIMESTAMP" property="updatedTime"/>
    </resultMap>

    <sql id="Base_Column_List">
        id, order_id, content, is_read, created_by, created_time, updated_by, updated_time
    </sql>

    <insert id="insert" parameterType="com.smzc.taxi.order.domain.OrderNote">
        insert into order_note (id, order_id, content, is_read,
                                del_flag, version, created_by,
                                created_time, updated_by, updated_time)
        values (#{id,jdbcType=BIGINT}, #{orderId,jdbcType=BIGINT}, #{content,jdbcType=VARCHAR}, #{isRead,jdbcType=BIT},
                #{delFlag,jdbcType=TINYINT}, #{version,jdbcType=INTEGER}, #{createdBy,jdbcType=VARCHAR},
                #{createdTime,jdbcType=TIMESTAMP}, #{updatedBy,jdbcType=VARCHAR}, #{updatedTime,jdbcType=TIMESTAMP})
    </insert>

    <select id="countByOrderId" parameterType="java.lang.Long" resultType="java.lang.Integer">
        select count(id)
        from order_note
        where order_id = #{orderId,jdbcType=BIGINT}
    </select>

    <select id="selectAllByOrderId" parameterType="java.lang.Long" resultMap="BaseResultMap">
        select
        <include refid="Base_Column_List"/>
        from order_note where order_id = #{orderId,jdbcType=BIGINT} ORDER BY id DESC
    </select>

    <update id="batchUpdateReadStatus" parameterType="java.util.List">
        update order_note set is_read = 1 where id in
        <foreach collection="list" index="index" item="item" open="(" separator="," close=")">
            #{item}
        </foreach>
    </update>
</mapper>