<?xml version="1.0" encoding="UTF-8"?>
<!DOCTYPE mapper PUBLIC "-//mybatis.org//DTD Mapper 3.0//EN" "http://mybatis.org/dtd/mybatis-3-mapper.dtd">
<mapper namespace="com.smzc.taxi.order.dao.mapper.OrderPayoffMapper">
    <resultMap id="BaseResultMap" type="com.smzc.taxi.order.domain.OrderPayoff">
        <!--
          WARNING - @mbg.generated
          This element is automatically generated by MyBatis Generator, do not modify.
          This element was generated on Thu May 16 18:31:38 CST 2019.
        -->
        <id column="id" jdbcType="BIGINT" property="id"/>
        <result column="order_id" jdbcType="BIGINT" property="orderId"/>
        <result column="pay_type" jdbcType="INTEGER" property="payType"/>
        <result column="pay_channel" jdbcType="VARCHAR" property="payChannel"/>
        <result column="order_amount" jdbcType="INTEGER" property="orderAmount"/>
        <result column="pay_amount" jdbcType="INTEGER" property="payAmount"/>
        <result column="discount_amount" jdbcType="INTEGER" property="discountAmount"/>
        <result column="pay_time" jdbcType="TIMESTAMP" property="payTime"/>
        <result column="del_flag" jdbcType="TINYINT" property="delFlag"/>
        <result column="version" jdbcType="INTEGER" property="version"/>
        <result column="created_by" jdbcType="VARCHAR" property="createdBy"/>
        <result column="created_time" jdbcType="TIMESTAMP" property="createdTime"/>
        <result column="updated_by" jdbcType="VARCHAR" property="updatedBy"/>
        <result column="updated_time" jdbcType="TIMESTAMP" property="updatedTime"/>
    </resultMap>

    <sql id="Base_Column_List">
        <!--
          WARNING - @mbg.generated
          This element is automatically generated by MyBatis Generator, do not modify.
          This element was generated on Thu May 16 18:31:38 CST 2019.
        -->
        id, order_id, pay_type, pay_channel, order_amount,pay_amount, discount_amount, pay_time, del_flag, version, created_by,
        created_time, updated_by, updated_time
    </sql>

    <delete id="deleteByPrimaryKey" parameterType="java.lang.Long">
        <!--
          WARNING - @mbg.generated
          This element is automatically generated by MyBatis Generator, do not modify.
          This element was generated on Thu May 16 18:31:38 CST 2019.
        -->
        delete from order_payoff
        where id = #{id,jdbcType=BIGINT}
    </delete>

    <!-- no't delete -->
    <insert id="insert" parameterType="com.smzc.taxi.order.domain.OrderPayoff">
        insert into order_payoff (id, order_id, pay_type,pay_channel, order_amount, pay_amount, discount_amount, pay_time)
        values (#{id,jdbcType=BIGINT},
                #{orderId,jdbcType=BIGINT},
                #{payType,jdbcType=INTEGER},
                #{payChannel,jdbcType=VARCHAR},
                #{orderAmount,jdbcType=INTEGER},
                #{payAmount,jdbcType=INTEGER},
                #{discountAmount,jdbcType=INTEGER},
                #{payTime,jdbcType=TIMESTAMP})
    </insert>

    <!-- 此sql已用 -->
    <update id="updateByPrimaryKeySelective" parameterType="com.smzc.taxi.order.domain.OrderPayoff">

        update order_payoff
        <set>
            <if test="payType != null">
                pay_type = #{payType,jdbcType=INTEGER},
            </if>
            <if test="payChannel != null">
                pay_channel = #{payChannel,jdbcType=VARCHAR},
            </if>
            <if test="orderAmount != null">
                order_amount = #{orderAmount,jdbcType=INTEGER},
            </if>
            <if test="payAmount != null">
                pay_amount = #{payAmount,jdbcType=INTEGER},
            </if>
            <if test="discountAmount != null">
                discount_amount = #{discountAmount,jdbcType=INTEGER},
            </if>
            <if test="payTime != null">
                pay_time = #{payTime,jdbcType=TIMESTAMP},
            </if>
            updated_time = now(),
        </set>
        where id = #{id,jdbcType=BIGINT}
    </update>

    <select id="queryIncomeList" parameterType="com.smzc.taxi.service.order.bean.vo.IncomeQryVo"
            resultMap="IncomeResultMap">
        SELECT
        oi.driver_id,oi.driver_name,oi.driver_phone,oi.vehicle_id,oi.vehicle_no,oi.city_code,oi.city_name,
        oa.practical_to_address,oa.practical_from_address,oa.plan_to_address,oa.plan_from_address,
        op.pay_channel,op.pay_amount,op.pay_time,op.order_id,op.order_amount,op.discount_amount
        from order_payoff op
        JOIN order_address oa ON op.order_id=oa.order_id
        JOIN order_info oi ON op.order_id=oi.id
        WHERE
        op.pay_type=1
        <if test="payTimeStart != null">
            AND DATE_FORMAT(op.pay_time,'%Y-%m-%d') &gt;= DATE_FORMAT( #{payTimeStart,jdbcType=TIMESTAMP},'%Y-%m-%d')
        </if>
        <if test="payTimeEnd != null">
            AND DATE_FORMAT(op.pay_time,'%Y-%m-%d') &lt;= DATE_FORMAT( #{payTimeEnd,jdbcType=TIMESTAMP},'%Y-%m-%d')
        </if>
        <if test="driverName != null">
            AND oi.driver_name LIKE CONCAT(#{driverName,jdbcType=VARCHAR},'%')
        </if>
        <if test="driverPhone != null">
            AND oi.driver_phone = #{driverPhone,jdbcType=VARCHAR}
        </if>
        <if test="orderId != null">
            AND op.order_id = #{orderId,jdbcType=BIGINT}
        </if>
        <if test="tfbPayChannelList != null and tfbPayChannelList.size() > 0">
            AND op.pay_channel in
            <foreach collection="tfbPayChannelList" item="payChannel" open="(" close=")" separator=",">
                #{payChannel}
            </foreach>
        </if>
        <if test="cityCodeList != null and cityCodeList.size() > 0">
            AND oi.city_code in
            <foreach collection="cityCodeList" item="cityCode" open="(" close=")" separator=",">
                #{cityCode}
            </foreach>
        </if>
        ORDER BY op.created_time DESC
    </select>

    <resultMap id="IncomeResultMap" type="com.smzc.taxi.service.order.bean.vo.IncomeVo">
        <result column="order_id" jdbcType="BIGINT" property="orderId"/>
        <result column="driver_id" jdbcType="BIGINT" property="driverId"/>
        <result column="driver_name" jdbcType="VARCHAR" property="driverName"/>
        <result column="driver_phone" jdbcType="VARCHAR" property="driverPhone"/>
        <result column="vehicle_id" jdbcType="BIGINT" property="vehicleId"/>
        <result column="vehicle_no" jdbcType="VARCHAR" property="vehicleNo"/>
        <result column="city_code" jdbcType="VARCHAR" property="cityCode"/>
        <result column="city_name" jdbcType="VARCHAR" property="cityName"/>
        <result column="practical_to_address" jdbcType="VARCHAR" property="practicalToAddress"/>
        <result column="practical_from_address" jdbcType="VARCHAR" property="practicalFromAddress"/>
        <result column="pay_channel" jdbcType="VARCHAR" property="payChannel"/>
        <result column="pay_amount" jdbcType="INTEGER" property="payAmount"/>
        <result column="pay_time" jdbcType="TIMESTAMP" property="payTime"/>
        <result column="order_amount" jdbcType="INTEGER" property="orderAmount"/>
        <result column="plan_to_address" jdbcType="VARCHAR" property="planToAddress"/>
        <result column="plan_from_address" jdbcType="VARCHAR" property="planFromAddress"/>
    </resultMap>

    <select id="selectPayoffByOrderId" resultMap="BaseResultMap" parameterType="long">
        select id, order_amount, pay_amount, discount_amount, pay_type, pay_channel, pay_time
        from order_payoff
        where order_id = #{orderId}
        limit 1
    </select>
    <!-- 改价 -->
    <update id="updateByOrderId">
        update order_payoff set order_amount = #{orderAmount},pay_amount = #{payAmount},discount_amount = #{discountAmount}
        where order_id = #{orderId}
    </update>

    <select id="selectPayAmountByOrderIdList" resultType="com.smzc.taxi.service.order.bean.vo.PayAmountVo"
            parameterType="long">
        select order_id as orderId, order_amount as payAmount from order_payoff
        where order_id in
        <foreach collection="list" item="orderId" separator="," open="(" close=")">
            #{orderId}
        </foreach>
    </select>

    <select id="selectOrderAmountByOrderId" resultType="java.lang.Integer">
        select order_amount
        from order_payoff
        where order_id = #{orderId}
    </select>

    <select id="selectOrderPayoffAmountByOrderId" resultType="com.smzc.taxi.service.order.bean.vo.OrderPayoffAmoutVo">
        select order_amount, pay_amount, discount_amount from order_payoff where order_id = #{orderId}
    </select>
</mapper>
