<?xml version="1.0" encoding="UTF-8"?>
<!DOCTYPE mapper PUBLIC "-//mybatis.org//DTD Mapper 3.0//EN" "http://mybatis.org/dtd/mybatis-3-mapper.dtd">
<mapper namespace="com.smzc.taxi.order.dao.mapper.OrderCallHistoryMapper">
    <resultMap id="BaseResultMap" type="com.smzc.taxi.order.domain.OrderCallHistory">
        <!--
          WARNING - @mbg.generated
          This element is automatically generated by MyBatis Generator, do not modify.
          This element was generated on Thu May 16 18:31:38 CST 2019.
        -->
        <id column="id" jdbcType="BIGINT" property="id"/>
        <result column="order_id" jdbcType="BIGINT" property="orderId"/>
        <result column="main_call_type" jdbcType="BIT" property="mainCallType"/>
        <result column="main_phone" jdbcType="VARCHAR" property="mainPhone"/>
        <result column="called_phone" jdbcType="VARCHAR" property="calledPhone"/>
        <result column="del_flag" jdbcType="TINYINT" property="delFlag"/>
        <result column="version" jdbcType="INTEGER" property="version"/>
        <result column="created_by" jdbcType="VARCHAR" property="createdBy"/>
        <result column="created_time" jdbcType="TIMESTAMP" property="createdTime"/>
        <result column="updated_by" jdbcType="VARCHAR" property="updatedBy"/>
        <result column="updated_time" jdbcType="TIMESTAMP" property="updatedTime"/>
    </resultMap>

    <sql id="Base_Column_List">
        <!--
          WARNING - @mbg.generated
          This element is automatically generated by MyBatis Generator, do not modify.
          This element was generated on Thu May 16 18:31:38 CST 2019.
        -->
        id, order_id, main_call_type, main_phone, called_phone, created_time
    </sql>

    <insert id="insert" parameterType="com.smzc.taxi.order.domain.OrderCallHistory">
        <!--
          WARNING - @mbg.generated
          This element is automatically generated by MyBatis Generator, do not modify.
          This element was generated on Thu May 16 18:31:38 CST 2019.
        -->
        insert into order_call_history (id, order_id, main_call_type,
        main_phone, called_phone, del_flag,
        version, created_by, created_time,
        updated_by, updated_time)
        values (#{id,jdbcType=BIGINT}, #{orderId,jdbcType=BIGINT}, #{mainCallType,jdbcType=BIT},
        #{mainPhone,jdbcType=VARCHAR}, #{calledPhone,jdbcType=VARCHAR}, #{delFlag,jdbcType=TINYINT},
        #{version,jdbcType=INTEGER}, #{createdBy,jdbcType=VARCHAR}, #{createdTime,jdbcType=TIMESTAMP},
        #{updatedBy,jdbcType=VARCHAR}, #{updatedTime,jdbcType=TIMESTAMP})
    </insert>

    <select id="queryPagedList" resultMap="BaseResultMap">
        select
        <include refid="Base_Column_List"/>
        from order_call_history
        where order_id = #{orderId}
        order by id DESC
    </select>
</mapper>