<?xml version="1.0" encoding="UTF-8"?>
<!DOCTYPE mapper PUBLIC "-//mybatis.org//DTD Mapper 3.0//EN" "http://mybatis.org/dtd/mybatis-3-mapper.dtd">
<mapper namespace="com.smzc.taxi.order.dao.mapper.OrderActivityMapper">
  <resultMap id="BaseResultMap" type="com.smzc.taxi.order.domain.OrderActivity">

  </resultMap>
  <sql id="Base_Column_List">

    id, order_id, activity_id, activity_name, amount, count_pricel_type, del_flag, version, 
    created_by, created_time, updated_by, updated_time
  </sql>
  <select id="selectByPrimaryKey" parameterType="java.lang.Long" resultMap="BaseResultMap">

    select 
    <include refid="Base_Column_List" />
    from order_activity
    where id = #{id,jdbcType=BIGINT}
  </select>
  <delete id="deleteByPrimaryKey" parameterType="java.lang.Long">

    delete from order_activity
    where id = #{id,jdbcType=BIGINT}
  </delete>
  <insert id="insert" parameterType="com.smzc.taxi.order.domain.OrderActivity">

    insert into order_activity (id, order_id, activity_id, 
      activity_name, amount, count_pricel_type, 
      del_flag, version, created_by, 
      created_time, updated_by, updated_time
      )
    values (#{id,jdbcType=BIGINT}, #{orderId,jdbcType=BIGINT}, #{activityId,jdbcType=BIGINT}, 
      #{activityName,jdbcType=VARCHAR}, #{amount,jdbcType=INTEGER}, #{countPricelType,jdbcType=TINYINT}, 
      #{delFlag,jdbcType=TINYINT}, #{version,jdbcType=INTEGER}, #{createdBy,jdbcType=VARCHAR}, 
      #{createdTime,jdbcType=TIMESTAMP}, #{updatedBy,jdbcType=VARCHAR}, #{updatedTime,jdbcType=TIMESTAMP}
      )
  </insert>
  <!-- 批量添加订单活动 -->
  <insert id="batchAdd">
      insert into order_activity (order_id, activity_id, activity_name, amount, count_pricel_type,created_time) values
    <foreach collection="list" item="oa" separator=",">
      (#{oa.orderId},#{oa.activityId},#{oa.activityName},#{oa.amount},#{oa.countPricelType},now())
    </foreach>

  </insert>

  <update id="updateByPrimaryKeySelective" parameterType="com.smzc.taxi.order.domain.OrderActivity">
    update order_activity
    <set>
      <if test="orderId != null">
        order_id = #{orderId,jdbcType=BIGINT},
      </if>
      <if test="activityId != null">
        activity_id = #{activityId,jdbcType=BIGINT},
      </if>
      <if test="activityName != null">
        activity_name = #{activityName,jdbcType=VARCHAR},
      </if>
      <if test="amount != null">
        amount = #{amount,jdbcType=INTEGER},
      </if>
      <if test="countPricelType != null">
        count_pricel_type = #{countPricelType,jdbcType=TINYINT},
      </if>
      <if test="delFlag != null">
        del_flag = #{delFlag,jdbcType=TINYINT},
      </if>
      <if test="version != null">
        version = #{version,jdbcType=INTEGER},
      </if>
      <if test="createdBy != null">
        created_by = #{createdBy,jdbcType=VARCHAR},
      </if>
      <if test="createdTime != null">
        created_time = #{createdTime,jdbcType=TIMESTAMP},
      </if>
      <if test="updatedBy != null">
        updated_by = #{updatedBy,jdbcType=VARCHAR},
      </if>
      <if test="updatedTime != null">
        updated_time = #{updatedTime,jdbcType=TIMESTAMP},
      </if>
    </set>
    where id = #{id,jdbcType=BIGINT}
  </update>
  <update id="updateByPrimaryKey" parameterType="com.smzc.taxi.order.domain.OrderActivity">
    update order_activity
    set order_id = #{orderId,jdbcType=BIGINT},
      activity_id = #{activityId,jdbcType=BIGINT},
      activity_name = #{activityName,jdbcType=VARCHAR},
      amount = #{amount,jdbcType=INTEGER},
      count_pricel_type = #{countPricelType,jdbcType=TINYINT},
      del_flag = #{delFlag,jdbcType=TINYINT},
      version = #{version,jdbcType=INTEGER},
      created_by = #{createdBy,jdbcType=VARCHAR},
      created_time = #{createdTime,jdbcType=TIMESTAMP},
      updated_by = #{updatedBy,jdbcType=VARCHAR},
      updated_time = #{updatedTime,jdbcType=TIMESTAMP}
    where id = #{id,jdbcType=BIGINT}
  </update>
  <select id="selectByOrderId" resultType="com.smzc.taxi.order.domain.OrderActivity" parameterType="java.lang.Long">
    select order_id,activity_id,activity_name,amount,count_pricel_type from order_activity where order_id = #{orderId}
  </select>
  <delete id="delOrderActivity" parameterType="java.lang.Long">
    delete from order_activity where order_id = #{orderId}
  </delete>
</mapper>