<?xml version="1.0" encoding="UTF-8"?>
<!DOCTYPE mapper PUBLIC "-//mybatis.org//DTD Mapper 3.0//EN" "http://mybatis.org/dtd/mybatis-3-mapper.dtd">
<mapper namespace="com.smzc.taxi.order.dao.mapper.OrderStatusPositionMapper">
    <resultMap id="BaseResultMap" type="com.smzc.taxi.order.domain.OrderStatusPosition">
        <!--
          WARNING - @mbg.generated
          This element is automatically generated by MyBatis Generator, do not modify.
          This element was generated on Thu May 16 18:31:38 CST 2019.
        -->
        <id column="id" jdbcType="BIGINT" property="id"/>
        <result column="order_id" jdbcType="BIGINT" property="orderId"/>
        <result column="order_status" jdbcType="TINYINT" property="orderStatus"/>
        <result column="driver_id" jdbcType="BIGINT" property="driverId"/>
        <result column="latitude" jdbcType="DOUBLE" property="latitude"/>
        <result column="longitude" jdbcType="DOUBLE" property="longitude"/>
        <result column="address" jdbcType="VARCHAR" property="address"/>
        <result column="street" jdbcType="VARCHAR" property="street"/>
        <result column="division_code" jdbcType="VARCHAR" property="divisionCode"/>
        <result column="del_flag" jdbcType="TINYINT" property="delFlag"/>
        <result column="version" jdbcType="INTEGER" property="version"/>
        <result column="created_by" jdbcType="VARCHAR" property="createdBy"/>
        <result column="created_time" jdbcType="TIMESTAMP" property="createdTime"/>
        <result column="updated_by" jdbcType="VARCHAR" property="updatedBy"/>
        <result column="updated_time" jdbcType="TIMESTAMP" property="updatedTime"/>
    </resultMap>

    <sql id="Base_Column_List">
        <!--
          WARNING - @mbg.generated
          This element is automatically generated by MyBatis Generator, do not modify.
          This element was generated on Thu May 16 18:31:38 CST 2019.
        -->
        id, order_id, order_status, driver_id, latitude, longitude, address, street, division_code,
        del_flag, version, created_by, created_time, updated_by, updated_time
    </sql>

    <!-- 添加状态定位 -->
    <insert id="insert" parameterType="com.smzc.taxi.order.domain.OrderStatusPosition">

        insert into order_status_position (order_id, order_status,
                                           driver_id, latitude, longitude,
                                           address, street, division_code,
                                           created_time)
        values (#{orderId,jdbcType=BIGINT}, #{orderStatus,jdbcType=TINYINT},
                #{driverId,jdbcType=BIGINT}, #{latitude,jdbcType=DOUBLE}, #{longitude,jdbcType=DOUBLE},
                #{address,jdbcType=VARCHAR}, #{street,jdbcType=VARCHAR}, #{divisionCode,jdbcType=VARCHAR}, now())
    </insert>
</mapper>