<?xml version="1.0" encoding="UTF-8"?>
<!DOCTYPE mapper PUBLIC "-//mybatis.org//DTD Mapper 3.0//EN" "http://mybatis.org/dtd/mybatis-3-mapper.dtd">
<mapper namespace="com.smzc.taxi.order.dao.mapper.OrderCancelMapper">
    <resultMap id="BaseResultMap" type="com.smzc.taxi.order.domain.OrderCancel">
        <!--
          WARNING - @mbg.generated
          This element is automatically generated by MyBatis Generator, do not modify.
          This element was generated on Thu May 16 18:31:38 CST 2019.
        -->
        <id column="id" jdbcType="BIGINT" property="id"/>
        <result column="order_id" jdbcType="BIGINT" property="orderId"/>
        <result column="cancel_by" jdbcType="BIGINT" property="cancelBy"/>
        <result column="cancel_by_name" jdbcType="VARCHAR" property="cancelByName"/>
        <result column="cancel_reason" jdbcType="VARCHAR" property="cancelReason"/>
        <result column="source_type" jdbcType="BIT" property="sourceType"/>
        <result column="del_flag" jdbcType="BIT" property="delFlag"/>
        <result column="version" jdbcType="INTEGER" property="version"/>
        <result column="created_by" jdbcType="VARCHAR" property="createdBy"/>
        <result column="created_time" jdbcType="TIMESTAMP" property="createdTime"/>
        <result column="updated_by" jdbcType="VARCHAR" property="updatedBy"/>
        <result column="updated_time" jdbcType="TIMESTAMP" property="updatedTime"/>
    </resultMap>

    <sql id="Base_Column_List">
        <!--
          WARNING - @mbg.generated
          This element is automatically generated by MyBatis Generator, do not modify.
          This element was generated on Thu May 16 18:31:38 CST 2019.
        -->
        id, order_id, cancel_by, cancel_by_name, cancel_reason, source_type, del_flag, version,
        created_by, created_time, updated_by, updated_time
    </sql>

    <insert id="insert" parameterType="com.smzc.taxi.order.domain.OrderCancel">
        insert into order_cancel (order_id, cancel_by,
                                  cancel_by_name, cancel_reason, source_type,
                                  created_time, updated_time)
        values (#{orderId,jdbcType=BIGINT}, #{cancelBy,jdbcType=BIGINT},
                #{cancelByName,jdbcType=VARCHAR}, #{cancelReason,jdbcType=VARCHAR}, #{sourceType,jdbcType=BIT},
                now(), now())
    </insert>

    <update id="fillReasonByOrderId" parameterType="com.smzc.taxi.order.domain.OrderCancel">
        update order_cancel
        set cancel_reason = #{cancelReason,jdbcType=VARCHAR}
        where order_id = #{orderId,jdbcType=BIGINT}
    </update>

    <select id="selectCancelByOrderId" resultMap="BaseResultMap" parameterType="long">
        select cancel_reason, cancel_by_name, source_type, created_time
        from order_cancel
        where order_id = #{orderId}
    </select>
</mapper>