<?xml version="1.0" encoding="UTF-8"?>
<!DOCTYPE mapper PUBLIC "-//mybatis.org//DTD Mapper 3.0//EN" "http://mybatis.org/dtd/mybatis-3-mapper.dtd">
<mapper namespace="com.smzc.taxi.order.dao.mapper.OrderRejectMapper">
    <resultMap id="BaseResultMap" type="com.smzc.taxi.order.domain.OrderReject">
        <!--
          WARNING - @mbg.generated
          This element is automatically generated by MyBatis Generator, do not modify.
          This element was generated on Thu May 16 18:31:38 CST 2019.
        -->
        <id column="id" jdbcType="BIGINT" property="id"/>
        <result column="order_id" jdbcType="BIGINT" property="orderId"/>
        <result column="resp_resource" jdbcType="TINYINT" property="respResource"/>
        <result column="reject_reason" jdbcType="VARCHAR" property="rejectReason"/>
        <result column="reject_by" jdbcType="VARCHAR" property="rejectBy"/>
        <result column="del_flag" jdbcType="TINYINT" property="delFlag"/>
        <result column="version" jdbcType="INTEGER" property="version"/>
        <result column="created_by" jdbcType="VARCHAR" property="createdBy"/>
        <result column="created_time" jdbcType="TIMESTAMP" property="createdTime"/>
        <result column="updated_by" jdbcType="VARCHAR" property="updatedBy"/>
        <result column="updated_time" jdbcType="TIMESTAMP" property="updatedTime"/>
    </resultMap>

    <sql id="Base_Column_List">
        <!--
          WARNING - @mbg.generated
          This element is automatically generated by MyBatis Generator, do not modify.
          This element was generated on Thu May 16 18:31:38 CST 2019.
        -->
        id, order_id, resp_resource, reject_reason, reject_by, del_flag, version, created_by,
        created_time, updated_by, updated_time
    </sql>

    <insert id="insert" parameterType="com.smzc.taxi.order.domain.OrderReject">
        <!--
          WARNING - @mbg.generated
          This element is automatically generated by MyBatis Generator, do not modify.
          This element was generated on Thu May 16 18:31:38 CST 2019.
        -->
        insert into order_reject (
        id, order_id, resp_resource,
        reject_reason, reject_by, created_by, updated_by
        )
        values (#{id,jdbcType=BIGINT}, #{orderId,jdbcType=BIGINT}, #{respResource,jdbcType=TINYINT},
        #{rejectReason,jdbcType=VARCHAR}, #{rejectBy,jdbcType=VARCHAR},
        #{createdBy,jdbcType=VARCHAR}, #{updatedBy,jdbcType=VARCHAR})
    </insert>

    <select id="selectRejectByOrderId" parameterType="long" resultMap="BaseResultMap">
        select resp_resource,
               reject_reason,
               reject_by,
               created_time
        from order_reject
        where order_id = #{orderId}
        limit 1
    </select>
</mapper>