<?xml version="1.0" encoding="UTF-8"?>
<!DOCTYPE mapper PUBLIC "-//mybatis.org//DTD Mapper 3.0//EN" "http://mybatis.org/dtd/mybatis-3-mapper.dtd">
<mapper namespace="com.smzc.taxi.order.dao.mapper.OrderInfoExtMapper">
    <resultMap id="BaseResultMap" type="com.smzc.taxi.order.domain.OrderInfoExt">
    </resultMap>
    <sql id="Base_Column_List">
        id, order_id, add_type, use_type, use_time,device_number,device_from, del_flag, version, created_by, created_time,
        updated_by, updated_time
    </sql>

    <insert id="insert">
        insert into order_info_ext(order_id, add_type, use_type, use_time,device_number,device_from) value
            (#{orderId}, #{addType}, #{useType}, #{useTime},#{deviceNumber},#{deviceFrom})
    </insert>

    <select id="selectByOrderId" resultType="com.smzc.taxi.order.domain.OrderInfoExt" parameterType="long">
        select id, add_type, use_time,device_number,device_from
        from order_info_ext
        where order_id = #{orderId}
    </select>
</mapper>