<?xml version="1.0" encoding="UTF-8"?>
<!DOCTYPE mapper PUBLIC "-//mybatis.org//DTD Mapper 3.0//EN" "http://mybatis.org/dtd/mybatis-3-mapper.dtd">
<mapper namespace="com.smzc.taxi.order.dao.mapper.OrderPayoffDetailMapper">
    <resultMap id="BaseResultMap" type="com.smzc.taxi.order.domain.OrderPayoffDetail">
        <!--
          WARNING - @mbg.generated
          This element is automatically generated by MyBatis Generator, do not modify.
          This element was generated on Thu May 16 18:31:38 CST 2019.
        -->
        <id column="id" jdbcType="BIGINT" property="id"/>
        <result column="order_id" jdbcType="BIGINT" property="orderId"/>
        <result column="cost_key" jdbcType="VARCHAR" property="costKey"/>
        <result column="cost_amount" jdbcType="INTEGER" property="costAmount"/>
        <result column="del_flag" jdbcType="TINYINT" property="delFlag"/>
        <result column="version" jdbcType="INTEGER" property="version"/>
        <result column="created_by" jdbcType="VARCHAR" property="createdBy"/>
        <result column="created_time" jdbcType="TIMESTAMP" property="createdTime"/>
        <result column="updated_by" jdbcType="VARCHAR" property="updatedBy"/>
        <result column="updated_time" jdbcType="TIMESTAMP" property="updatedTime"/>
    </resultMap>

    <sql id="Base_Column_List">
        <!--
          WARNING - @mbg.generated
          This element is automatically generated by MyBatis Generator, do not modify.
          This element was generated on Thu May 16 18:31:38 CST 2019.
        -->
        id, order_id, cost_key, cost_amount, del_flag, version, created_by, created_time,
        updated_by, updated_time
    </sql>

    <!-- 添加 -->
    <insert id="insert" parameterType="com.smzc.taxi.order.domain.OrderPayoffDetail">
        insert into order_payoff_detail (order_id, cost_key, cost_amount)
        values (#{orderId,jdbcType=BIGINT}, #{costKey,jdbcType=VARCHAR}, #{costAmount,jdbcType=INTEGER})
    </insert>

    <!-- 批量添加订单费用明细 -->
    <insert id="batchInsert">
        insert into order_payoff_detail (order_id,cost_key,cost_amount)
        values
        <foreach collection="list" item="bean" separator=",">
            (#{bean.orderId,jdbcType=BIGINT},
            #{bean.costKey,jdbcType=VARCHAR},#{bean.costAmount,jdbcType=INTEGER})
        </foreach>
    </insert>

    <!-- 改价 -->
    <update id="batchUpdate">
        <foreach collection="list" item="bean" separator=";">
            update order_payoff_detail set cost_amount = #{bean.costAmount}
            where order_id = #{bean.orderId} and cost_key = #{bean.costKey} and cost_amount != #{bean.costAmount}
        </foreach>
    </update>

    <!-- 改价 -->
    <update id="updateByOrderId" parameterType="com.smzc.taxi.order.domain.OrderPayoffDetail">
        update order_payoff_detail
        set cost_amount = #{costAmount}
        where order_id = #{orderId}
          and cost_key = #{costKey}
          and cost_amount != #{costAmount}
    </update>

    <select id="selectListByOrderId" resultMap="BaseResultMap">
        select
        <include refid="Base_Column_List"/>
        from order_payoff_detail where order_id = #{orderId}
    </select>
    <delete id="deleteByIdAndKey">
        delete from order_payoff_detail
        where order_id = #{orderId} and cost_key in
        <foreach collection="list" separator="," item="key" open="(" close=")">
            #{key}
        </foreach>
    </delete>
</mapper>