<?xml version="1.0" encoding="UTF-8"?>
<!DOCTYPE mapper PUBLIC "-//mybatis.org//DTD Mapper 3.0//EN" "http://mybatis.org/dtd/mybatis-3-mapper.dtd">
<mapper namespace="com.smzc.taxi.order.dao.mapper.OrderEvaluateTagMapper">
    <resultMap id="BaseResultMap" type="com.smzc.taxi.order.domain.OrderEvaluateTag">
        <!--
          WARNING - @mbg.generated
          This element is automatically generated by MyBatis Generator, do not modify.
          This element was generated on Thu May 16 18:31:38 CST 2019.
        -->
        <id column="id" jdbcType="BIGINT" property="id"/>
        <result column="created_by" jdbcType="VARCHAR" property="createdBy"/>
        <result column="created_time" jdbcType="TIMESTAMP" property="createdTime"/>
        <result column="updated_by" jdbcType="VARCHAR" property="updatedBy"/>
        <result column="updated_time" jdbcType="TIMESTAMP" property="updatedTime"/>
        <result column="version" jdbcType="INTEGER" property="version"/>
        <result column="del_flag" jdbcType="BIT" property="delFlag"/>
        <result column="tag_name" jdbcType="VARCHAR" property="tagName"/>
    </resultMap>
    <sql id="Base_Column_List">
        <!--
          WARNING - @mbg.generated
          This element is automatically generated by MyBatis Generator, do not modify.
          This element was generated on Thu May 16 18:31:38 CST 2019.
        -->
        id, created_by, created_time, updated_by, updated_time, version, del_flag, tag_name
    </sql>

    <select id="selectAllOrderEvaluateTag" resultMap="TagResultMap">
        select id, tag_name
        from order_evaluate_tag
        order by id
    </select>

    <resultMap id="TagResultMap" type="com.smzc.taxi.service.order.bean.vo.OrderEvaluateTagVo">
        <id column="id" jdbcType="BIGINT" property="id"/>
        <result column="tag_name" jdbcType="VARCHAR" property="tagName"/>
    </resultMap>
</mapper>