<?xml version="1.0" encoding="UTF-8"?>
<!DOCTYPE mapper PUBLIC "-//mybatis.org//DTD Mapper 3.0//EN" "http://mybatis.org/dtd/mybatis-3-mapper.dtd">
<mapper namespace="com.smzc.taxi.order.dao.mapper.OrderStatusHistoryMapper">
    <resultMap id="BaseResultMap" type="com.smzc.taxi.order.domain.OrderStatusHistory">
        <id column="id" jdbcType="BIGINT" property="id"/>
        <result column="order_id" jdbcType="BIGINT" property="orderId"/>
        <result column="from_status" jdbcType="TINYINT" property="fromStatus"
                typeHandler="com.smzc.taxi.order.dao.typehandler.OrderStatusTypeHandler"/>
        <result column="to_status" jdbcType="TINYINT" property="toStatus"
                typeHandler="com.smzc.taxi.order.dao.typehandler.OrderStatusTypeHandler"/>
        <result column="del_flag" jdbcType="TINYINT" property="delFlag"/>
        <result column="version" jdbcType="INTEGER" property="version"/>
        <result column="created_by" jdbcType="VARCHAR" property="createdBy"/>
        <result column="created_time" jdbcType="TIMESTAMP" property="createdTime"/>
        <result column="updated_by" jdbcType="VARCHAR" property="updatedBy"/>
        <result column="updated_time" jdbcType="TIMESTAMP" property="updatedTime"/>
    </resultMap>

    <sql id="Base_Column_List">
        id, order_id, from_status, to_status, created_time
    </sql>

    <!-- 添加订单状态流转历史记录  -->
    <insert id="insert" parameterType="com.smzc.taxi.order.domain.OrderStatusHistory">
        insert into order_status_history (order_id, from_status, to_status)
        values (#{orderId,jdbcType=BIGINT}, #{fromStatus,jdbcType=TINYINT}, #{toStatus,jdbcType=TINYINT})
    </insert>

    <select id="selectByOrderIdAndToStatus" resultMap="BaseResultMap">
        SELECT
        <include refid="Base_Column_List"/>
        from order_status_history
        where order_id = #{orderId}
        AND to_status = #{orderStatus}
        ORDER BY id DESC
        LIMIT 1
    </select>

    <select id="selectStatusHistoryListByOrderId" resultMap="BaseResultMap" parameterType="long">
        select from_status,
               to_status,
               created_time
        from order_status_history
        where order_id = #{orderId}
        order by id
    </select>

    <select id="selectCreateTimeByOrderIdAndToStatus" resultType="java.util.Date">
        SELECT created_time
        from order_status_history
        where order_id = #{orderId}
          AND to_status = #{orderStatus}
        ORDER BY id desc
        limit 1
    </select>
</mapper>
