<?xml version="1.0" encoding="UTF-8"?>
<!DOCTYPE mapper PUBLIC "-//mybatis.org//DTD Mapper 3.0//EN" "http://mybatis.org/dtd/mybatis-3-mapper.dtd">
<mapper namespace="com.smzc.taxi.order.dao.mapper.OrderFeedbackMapper">
    <resultMap id="BaseResultMap" type="com.smzc.taxi.order.domain.OrderFeedback">
        <id column="id" jdbcType="BIGINT" property="id"/>
        <result column="order_id" jdbcType="BIGINT" property="orderId"/>
        <result column="feedback_type" jdbcType="TINYINT" property="feedbackType"/>
        <result column="content" jdbcType="VARCHAR" property="content"/>
        <result column="del_flag" jdbcType="TINYINT" property="delFlag"/>
        <result column="version" jdbcType="INTEGER" property="version"/>
        <result column="created_by" jdbcType="VARCHAR" property="createdBy"/>
        <result column="created_time" jdbcType="TIMESTAMP" property="createdTime"/>
        <result column="updated_by" jdbcType="VARCHAR" property="updatedBy"/>
        <result column="updated_time" jdbcType="TIMESTAMP" property="updatedTime"/>
    </resultMap>

    <sql id="Base_Column_List">
        id, order_id, feedback_type, content, created_by, created_time,
    updated_by, updated_time
    </sql>

    <select id="selectByOrderId" parameterType="java.lang.Long" resultMap="BaseResultMap">
        select
        <include refid="Base_Column_List"/>
        from order_feedback
        where order_id = #{orderId,jdbcType=BIGINT} ORDER BY id DESC
    </select>

    <insert id="insert" parameterType="com.smzc.taxi.order.domain.OrderFeedback">
        insert into order_feedback (id, order_id, feedback_type,
                                    content, del_flag, version,
                                    created_by, created_time, updated_by,
                                    updated_time)
        values (#{id,jdbcType=BIGINT}, #{orderId,jdbcType=BIGINT}, #{feedbackType,jdbcType=TINYINT},
                #{content,jdbcType=VARCHAR}, #{delFlag,jdbcType=TINYINT}, #{version,jdbcType=INTEGER},
                #{createdBy,jdbcType=VARCHAR}, #{createdTime,jdbcType=TIMESTAMP}, #{updatedBy,jdbcType=VARCHAR},
                #{updatedTime,jdbcType=TIMESTAMP})
    </insert>
</mapper>