<?xml version="1.0" encoding="UTF-8"?>
<!DOCTYPE mapper PUBLIC "-//mybatis.org//DTD Mapper 3.0//EN" "http://mybatis.org/dtd/mybatis-3-mapper.dtd">
<mapper namespace="com.smzc.taxi.order.dao.mapper.OrderAddressMapper">
    <resultMap id="BaseResultMap" type="com.smzc.taxi.order.domain.OrderAddress">
        <!--
          WARNING - @mbg.generated
          This element is automatically generated by MyBatis Generator, do not modify.
          This element was generated on Thu May 16 18:31:38 CST 2019.
        -->
        <id column="id" jdbcType="BIGINT" property="id"/>
        <result column="order_id" jdbcType="BIGINT" property="orderId"/>
        <result column="city_code" jdbcType="VARCHAR" property="cityCode"/>
        <result column="plan_to_address" jdbcType="VARCHAR" property="planToAddress"/>
        <result column="plan_to_street" jdbcType="VARCHAR" property="planToStreet"/>
        <result column="plan_to_latitude" jdbcType="DOUBLE" property="planToLatitude"/>
        <result column="plan_to_longitude" jdbcType="DOUBLE" property="planToLongitude"/>
        <result column="plan_from_address" jdbcType="VARCHAR" property="planFromAddress"/>
        <result column="plan_from_street" jdbcType="VARCHAR" property="planFromStreet"/>
        <result column="plan_from_latitude" jdbcType="DOUBLE" property="planFromLatitude"/>
        <result column="plan_from_longitude" jdbcType="DOUBLE" property="planFromLongitude"/>
        <result column="practical_to_address" jdbcType="VARCHAR" property="practicalToAddress"/>
        <result column="practical_to_street" jdbcType="VARCHAR" property="practicalToStreet"/>
        <result column="practical_to_latitude" jdbcType="DOUBLE" property="practicalToLatitude"/>
        <result column="practical_to_longitude" jdbcType="DOUBLE" property="practicalToLongitude"/>
        <result column="practical_from_address" jdbcType="VARCHAR" property="practicalFromAddress"/>
        <result column="practical_from_street" jdbcType="VARCHAR" property="practicalFromStreet"/>
        <result column="practical_from_latitude" jdbcType="DOUBLE" property="practicalFromLatitude"/>
        <result column="practical_from_longitude" jdbcType="DOUBLE" property="practicalFromLongitude"/>
        <result column="del_flag" jdbcType="TINYINT" property="delFlag"/>
        <result column="version" jdbcType="INTEGER" property="version"/>
        <result column="created_by" jdbcType="VARCHAR" property="createdBy"/>
        <result column="created_time" jdbcType="TIMESTAMP" property="createdTime"/>
        <result column="updated_by" jdbcType="VARCHAR" property="updatedBy"/>
        <result column="updated_time" jdbcType="TIMESTAMP" property="updatedTime"/>
    </resultMap>

    <sql id="Base_Column_List">
        <!--
          WARNING - @mbg.generated
          This element is automatically generated by MyBatis Generator, do not modify.
          This element was generated on Thu May 16 18:31:38 CST 2019.
        -->
        id, order_id, city_code, plan_to_address, plan_to_street, plan_to_latitude, plan_to_longitude,
        plan_from_address, plan_from_street, plan_from_latitude, plan_from_longitude, practical_to_address,
        practical_to_street, practical_to_latitude, practical_to_longitude, practical_from_address,
        practical_from_street, practical_from_latitude, practical_from_longitude
    </sql>

    <!-- 新增订单地址信息 -->
    <insert id="insert" parameterType="com.smzc.taxi.order.domain.OrderAddress">
        insert into order_address (order_id, city_code,
                                   plan_to_address, plan_to_street, plan_to_latitude,
                                   plan_to_longitude, plan_from_address, plan_from_street,
                                   plan_from_latitude, plan_from_longitude, created_by,
                                   created_time, plan_from_city_code, plan_to_city_code,
                                   plan_from_city_name, plan_to_city_name, plan_from_uid,
                                   plan_to_uid, baidu_from_code, baidu_to_code)
        values (#{orderId,jdbcType=BIGINT}, #{cityCode,jdbcType=VARCHAR},
                #{planToAddress,jdbcType=VARCHAR}, #{planToStreet,jdbcType=VARCHAR}, #{planToLatitude,jdbcType=DOUBLE},
                #{planToLongitude,jdbcType=DOUBLE}, #{planFromAddress,jdbcType=VARCHAR},
                #{planFromStreet,jdbcType=VARCHAR},
                #{planFromLatitude,jdbcType=DOUBLE}, #{planFromLongitude,jdbcType=DOUBLE},
                #{createdBy,jdbcType=VARCHAR},
                #{createdTime}, #{planFromCityCode}, #{planToCityCode}, #{planFromCityName}, #{planToCityName},
                #{planFromUid}, #{planToUid}, #{baiduFromCode}, #{baiduToCode})
    </insert>

    <!-- 根据订单ID查询详情 -->
    <select id="selectByOrderId" parameterType="java.lang.Long" resultMap="BaseResultMap">
        select
        <include refid="Base_Column_List"/>
        from order_address
        where order_id = #{orderId,jdbcType=BIGINT}
    </select>

    <update id="updateByPrimaryKeySelective" parameterType="com.smzc.taxi.order.domain.OrderAddress">
        <!--
          WARNING - @mbg.generated
          This element is automatically generated by MyBatis Generator, do not modify.
          This element was generated on Thu May 16 18:31:38 CST 2019.
        -->
        update order_address
        <set>
            <if test="orderId != null">
                order_id = #{orderId,jdbcType=BIGINT},
            </if>
            <if test="cityCode != null">
                city_code = #{cityCode,jdbcType=VARCHAR},
            </if>
            <if test="planToAddress != null">
                plan_to_address = #{planToAddress,jdbcType=VARCHAR},
            </if>
            <if test="planToStreet != null">
                plan_to_street = #{planToStreet,jdbcType=VARCHAR},
            </if>
            <if test="planToLatitude != null">
                plan_to_latitude = #{planToLatitude,jdbcType=DOUBLE},
            </if>
            <if test="planToLongitude != null">
                plan_to_longitude = #{planToLongitude,jdbcType=DOUBLE},
            </if>
            <if test="planFromAddress != null">
                plan_from_address = #{planFromAddress,jdbcType=VARCHAR},
            </if>
            <if test="planFromStreet != null">
                plan_from_street = #{planFromStreet,jdbcType=VARCHAR},
            </if>
            <if test="planFromLatitude != null">
                plan_from_latitude = #{planFromLatitude,jdbcType=DOUBLE},
            </if>
            <if test="planFromLongitude != null">
                plan_from_longitude = #{planFromLongitude,jdbcType=DOUBLE},
            </if>
            <if test="practicalToAddress != null">
                practical_to_address = #{practicalToAddress,jdbcType=VARCHAR},
            </if>
            <if test="practicalToStreet != null">
                practical_to_street = #{practicalToStreet,jdbcType=VARCHAR},
            </if>
            <if test="practicalToLatitude != null">
                practical_to_latitude = #{practicalToLatitude,jdbcType=DOUBLE},
            </if>
            <if test="practicalToLongitude != null">
                practical_to_longitude = #{practicalToLongitude,jdbcType=DOUBLE},
            </if>
            <if test="practicalFromAddress != null">
                practical_from_address = #{practicalFromAddress,jdbcType=VARCHAR},
            </if>
            <if test="practicalFromStreet != null">
                practical_from_street = #{practicalFromStreet,jdbcType=VARCHAR},
            </if>
            <if test="practicalFromLatitude != null">
                practical_from_latitude = #{practicalFromLatitude,jdbcType=DOUBLE},
            </if>
            <if test="practicalFromLongitude != null">
                practical_from_longitude = #{practicalFromLongitude,jdbcType=DOUBLE},
            </if>
            <if test="delFlag != null">
                del_flag = #{delFlag,jdbcType=TINYINT},
            </if>
            <if test="version != null">
                version = #{version,jdbcType=INTEGER},
            </if>
            <if test="createdBy != null">
                created_by = #{createdBy,jdbcType=VARCHAR},
            </if>
            <if test="createdTime != null">
                created_time = #{createdTime,jdbcType=TIMESTAMP},
            </if>
            <if test="updatedBy != null">
                updated_by = #{updatedBy,jdbcType=VARCHAR},
            </if>
            <if test="updatedTime != null">
                updated_time = #{updatedTime,jdbcType=TIMESTAMP},
            </if>
        </set>
        where id = #{id,jdbcType=BIGINT}
    </update>
</mapper>