<?xml version="1.0" encoding="UTF-8"?>
<!DOCTYPE mapper PUBLIC "-//mybatis.org//DTD Mapper 3.0//EN" "http://mybatis.org/dtd/mybatis-3-mapper.dtd">
<mapper namespace="com.smzc.taxi.order.dao.mapper.OrderInfoMapper">
    <sql id="Base_Column_List">
        id, passenger_phone, passenger_name, subscriber_id, subscriber_phone, driver_id,
        driver_name, driver_phone, dispatch_type, status, source_type, type, vehicle_id,
        vehicle_no, driver_company, predict_mileage, predict_time, city_code, del_flag, version,
        created_by, created_time, updated_by, updated_time
    </sql>

    <select id="selectByPrimaryKey" parameterType="java.lang.Long" resultType="com.smzc.taxi.order.domain.OrderInfo">
        select
        <include refid="Base_Column_List"/>
        from order_info
        where id = #{id,jdbcType=BIGINT}
    </select>

    <insert id="insert" parameterType="com.smzc.taxi.order.domain.OrderInfo">
        insert into order_info (id, passenger_phone, passenger_name,
                                subscriber_id, subscriber_phone, dispatch_type,
                                status, predict_mileage, predict_time, city_code,
                                city_name, device_os, device_type, created_time,
                                plan_from_address, plan_to_address, subscriber_name)
        values (#{id,jdbcType=BIGINT}, #{passengerPhone,jdbcType=VARCHAR}, #{passengerName,jdbcType=VARCHAR},
                #{subscriberId,jdbcType=BIGINT}, #{subscriberPhone,jdbcType=VARCHAR}, #{dispatchType,jdbcType=TINYINT},
                #{status,jdbcType=TINYINT}, #{predictMileage,jdbcType=INTEGER}, #{predictTime,jdbcType=INTEGER},
                #{cityCode,jdbcType=VARCHAR}, #{cityName,jdbcType=VARCHAR}, #{deviceOs,jdbcType=VARCHAR},
                #{deviceType,jdbcType=VARCHAR}, #{createdTime,jdbcType=TIMESTAMP}, #{planFromAddress,jdbcType=VARCHAR},
                #{planToAddress,jdbcType=VARCHAR}, #{subscriberName,jdbcType=VARCHAR})
    </insert>

    <update id="updateByPrimaryKeySelective" parameterType="com.smzc.taxi.order.domain.OrderInfo">
        update order_info
        <set>
            <if test="passengerPhone != null">
                passenger_phone = #{passengerPhone,jdbcType=VARCHAR},
            </if>
            <if test="passengerName != null">
                passenger_name = #{passengerName,jdbcType=VARCHAR},
            </if>
            <if test="subscriberId != null">
                subscriber_id = #{subscriberId,jdbcType=BIGINT},
            </if>
            <if test="subscriberPhone != null">
                subscriber_phone = #{subscriberPhone,jdbcType=VARCHAR},
            </if>
            <if test="driverId != null">
                driver_id = #{driverId,jdbcType=BIGINT},
            </if>
            <if test="driverName != null">
                driver_name = #{driverName,jdbcType=VARCHAR},
            </if>
            <if test="driverPhone != null">
                driver_phone = #{driverPhone,jdbcType=VARCHAR},
            </if>
            <if test="dispatchType != null">
                dispatch_type = #{dispatchType,jdbcType=TINYINT},
            </if>
            <if test="status != null">
                status = #{status,jdbcType=TINYINT},
            </if>
            <if test="sourceType != null">
                source_type = #{sourceType,jdbcType=TINYINT},
            </if>
            <if test="type != null">
                type = #{type,jdbcType=TINYINT},
            </if>
            <if test="vehicleId != null">
                vehicle_id = #{vehicleId,jdbcType=BIGINT},
            </if>
            <if test="vehicleNo != null">
                vehicle_no = #{vehicleNo,jdbcType=VARCHAR},
            </if>
            <if test="driverCompany != null">
                driver_company = #{driverCompany,jdbcType=VARCHAR},
            </if>
            <if test="driverCompanyId != null">
                driver_company_id = #{driverCompanyId,jdbcType=BIGINT},
            </if>
            <if test="predictMileage != null">
                predict_mileage = #{predictMileage,jdbcType=INTEGER},
            </if>
            <if test="predictTime != null">
                predict_time = #{predictTime,jdbcType=INTEGER},
            </if>
            <if test="cityCode != null">
                city_code = #{cityCode,jdbcType=VARCHAR},
            </if>
            <if test="delFlag != null">
                del_flag = #{delFlag,jdbcType=TINYINT},
            </if>
            <if test="version != null">
                version = #{version,jdbcType=INTEGER},
            </if>
            <if test="createdBy != null">
                created_by = #{createdBy,jdbcType=VARCHAR},
            </if>
            <if test="createdTime != null">
                created_time = #{createdTime,jdbcType=TIMESTAMP},
            </if>
            <if test="updatedBy != null">
                updated_by = #{updatedBy,jdbcType=VARCHAR},
            </if>
            <if test="updatedTime != null">
                updated_time = #{updatedTime,jdbcType=TIMESTAMP},
            </if>
        </set>
        where id = #{id,jdbcType=BIGINT}
    </update>

    <!--司机端：查询已接订单-->
    <select id="queryDriverReceivedOrderList" resultType="com.smzc.taxi.service.order.bean.vo.OrderDrivingVo">
        SELECT a.id AS orderId,
        a.driver_id as driverId,
        a.passenger_phone AS passengerPhone,
        a.status as orderStatus,
        a.city_code as cityCode,
        a.driver_phone AS driverPhone,
        a.vehicle_no AS vehicleNo,
        a.created_time AS scheduleTime,
        b.plan_from_latitude as fromLatitude,
        b.plan_from_longitude AS fromLongitude,
        b.plan_from_address AS fromAddress,
        b.plan_from_street as fromStreet,
        b.plan_to_latitude as toLatitude,
        b.plan_to_longitude as toLongitude,
        b.plan_to_address as toAddress,
        b.plan_to_street as toStreet,
        b.plan_from_city_code,
        ext.add_type
        FROM order_info a JOIN order_address b on a.id = b.order_id
        JOIN order_info_ext ext on a.id = ext.order_id
        <where>
            <if test="driverId !=null">
               a.driver_id = #{driverId}
            </if>
            AND a.`status` IN
            <foreach collection="list" open="(" close=")" separator="," item="item">
                #{item}
            </foreach>
        </where>
    </select>

    <!--司机端：查询进行中订单ID-->
    <select id="queryDrivingOrderId" resultType="java.lang.Long">
        SELECT a.id AS orderId
        FROM order_info a
        <where>
            <if test="driverId !=null">
                a.driver_id = #{driverId}
            </if>
            AND a.`status` IN
            <foreach collection="list" open="(" close=")" separator="," item="item">
                #{item}
            </foreach>

        </where>
    </select>

    <!--司机端：查询订单详情-->
    <select id="queryDriverReceivedOrderDetail" resultType="com.smzc.taxi.service.order.bean.vo.OrderDrivingVo">
        SELECT a.id                  AS orderId,
               a.driver_id           as driverId,
               a.passenger_phone     AS passengerPhone,
               a.status              as orderStatus,
               a.city_code           as cityCode,
               a.driver_phone        AS driverPhone,
               a.vehicle_id          AS vehicleId,
               a.vehicle_no          AS vehicleNo,
               b.plan_from_latitude  as fromLatitude,
               b.plan_from_longitude AS fromLongitude,
               b.plan_from_address   AS fromAddress,
               b.plan_from_street    as fromStreet,
               b.plan_to_latitude    as toLatitude,
               b.plan_to_longitude   as toLongitude,
               b.plan_to_address     as toAddress,
               b.plan_to_street      as toStreet,
               b.plan_from_city_code,
               c.pay_type            as payType,
               c.pay_channel         as payChannel,
               c.pay_amount          as payAmount,
               c.order_amount        as orderAmount,
               d.use_time            as scheduleTime,
               d.add_type            as addType
        FROM order_info a
                 JOIN order_address b on a.id = b.order_id
                 JOIN order_info_ext d on a.id = d.order_id
                 LEFT JOIN order_payoff c ON a.id = c.order_id
        WHERE a.id = #{orderId}
    </select>

    <!--司机端查询历史订单-->
    <select id="queryDriverHistoryOrderList" resultType="com.smzc.taxi.service.order.bean.vo.OrderDrivingVo">
        SELECT
        a.id AS orderId,
        a.driver_id as driverId,
        a.passenger_phone AS passengerPhone,
        a.status as orderStatus,
        a.city_code as cityCode,
        a.driver_phone AS driverPhone,
        a.vehicle_id as vehicleId,
        a.vehicle_no AS vehicleNo,
        a.created_time AS scheduleTime,
        b.plan_from_latitude as fromLatitude,
        b.plan_from_longitude AS fromLongitude,
        b.plan_from_address AS fromAddress,
        b.plan_from_street as fromStreet,
        b.plan_to_latitude as toLatitude,
        b.plan_to_longitude as toLongitude,
        b.plan_to_address as toAddress,
        b.plan_to_street as toStreet,
        b.plan_from_city_code,
        c.pay_type as payType,
        c.pay_channel as payChannel,
        c.pay_amount as payAmount,
        c.order_amount     as orderAmount,
        ext.add_type
        FROM order_info a
        JOIN order_address b on a.id = b.order_id
        JOIN order_info_ext ext on a.id = ext.order_id
        LEFT JOIN order_payoff c ON a.id = c.order_id
        <where>
            <if test="driverId !=null">
                a.driver_id = #{driverId}
            </if>
            and a.`status` IN
            <foreach collection="list" open="(" close=")" separator="," item="item">
                #{item}
            </foreach>
        </where>
        ORDER BY a.created_time DESC
    </select>


    <select id="getPriceModifyPage" resultType="com.smzc.taxi.service.portal.bean.PriceModifyRespVo">
        select
        info.id as orderId, info.city_name as cityName, info.subscriber_phone as subscriberPhone, info.passenger_phone
        as passengerPhone, addr.plan_from_address as planFromAddress,
        addr.plan_to_address as planToAddress, info.created_time as createdTime, info.driver_name as driverName,
        info.driver_phone as driverPhone
        from order_info info join order_address addr on info.id = addr.order_id
        <where>
            info.status = #{status,jdbcType=TINYINT}
            <if test="orderId != null">
                and info.id = #{orderId,jdbcType=BIGINT}
            </if>
            <if test="driverName != null and driverName != ''">
                and info.driver_name like CONCAT(#{driverName,jdbcType=VARCHAR}, '%')
            </if>
            <if test="driverPhone != null and driverPhone != ''">
                and info.driver_phone = #{driverPhone,jdbcType=VARCHAR}
            </if>
        </where>
        ORDER BY info.created_time DESC
    </select>

    <resultMap id="PriceModifyInfoResultMap" type="com.smzc.taxi.service.portal.bean.PriceModifyInnerVo">
        <id column="id" jdbcType="BIGINT" property="orderId"/>
        <result column="plan_from_address" jdbcType="VARCHAR" property="planFromAddress"/>
        <result column="plan_to_address" jdbcType="VARCHAR" property="planToAddress"/>
        <result column="status" jdbcType="TINYINT" property="status"/>
        <result column="subscriber_name" jdbcType="VARCHAR" property="subscriberName"/>
        <result column="subscriber_phone" jdbcType="VARCHAR" property="subscriberPhone"/>
        <result column="passenger_name" jdbcType="VARCHAR" property="passengerName"/>
        <result column="passenger_phone" jdbcType="VARCHAR" property="passengerPhone"/>
        <result column="driver_name" jdbcType="VARCHAR" property="driverName"/>
        <result column="driver_phone" jdbcType="VARCHAR" property="driverPhone"/>
        <result column="vehicle_no" jdbcType="VARCHAR" property="vehicleNo"/>
        <result column="driver_company" jdbcType="VARCHAR" property="driverCompany"/>
        <result column="pay_amount" jdbcType="INTEGER" property="payAmount"/>
        <collection property="payOffDetailList" ofType="com.smzc.taxi.service.order.bean.vo.OrderPayoffDetailVo">
            <result column="cost_key" property="costKey"/>
            <result column="cost_amount" property="costAmount"/>
        </collection>
    </resultMap>

    <select id="getPriceModifyInfo" resultMap="PriceModifyInfoResultMap">
        select info.id,
               addr.plan_from_address,
               addr.plan_to_address,
               info.status,
               info.subscriber_name,
               info.subscriber_phone,
               info.passenger_name,
               info.passenger_phone,
               info.driver_name,
               info.driver_phone,
               info.vehicle_no,
               info.driver_company,
               payOff.pay_amount,
               detail.cost_key,
               detail.cost_amount
        from order_info info
                 join order_address addr on info.id = addr.order_id
                 left join order_payoff payOff on info.id = payOff.order_id
                 left join order_payoff_detail detail on info.id = detail.order_id
        where info.id = #{orderId,jdbcType=BIGINT}
    </select>

    <!-- 修改订单状态 订单流转统一调用 -->
    <update id="updateStatus">
        update order_info
        set status = #{toStatus}
        where id = #{id}
          and status = #{fromStatus}
    </update>

    <!-- 乘客查当天行程完的订单。。待支付，待评价，已完成，已取消 -->
    <select id="getOrderListByCurrentDay" resultType="com.smzc.taxi.order.domain.OrderPassenger">
        SELECT
        <include refid="orderList_field"/>,
        op.pay_amount payAmount
        FROM
        order_info oi
        JOIN order_address oa ON oi.id = oa.order_id
        LEFT JOIN order_payoff op on op.order_id = oi.id
        where oi.subscriber_id = #{subscriberId}
        and oi.status in
        <foreach collection="list" item="status" separator="," open="(" close=")">
            #{status}
        </foreach>
        and oi.created_time &gt;= #{date}
        order by oi.created_time desc
    </select>

    <!-- 乘客查 我的行程 -->
    <select id="getOrderList" resultType="com.smzc.taxi.order.domain.OrderPassenger">
        SELECT
        <include refid="orderList_field"/>
        FROM
        order_info oi
        JOIN order_address oa ON oi.id = oa.order_id
        where oi.subscriber_id = #{subscriberId}
        order by oi.created_time desc
        limit #{startNo},#{pageSize}
    </select>

    <sql id="orderList_field">
        oi.id orderId,
        oi.type carType,
        oa.plan_from_latitude fromLatitude,
        oa.plan_from_longitude fromLongitude,
        oa.plan_to_latitude toLatitude,
        oa.plan_to_longitude toLongitude,
        oi.predict_mileage totalDistance,
        oa.plan_from_address fromAddress,
        oa.plan_to_address toAddress,
        oi.`status` orderStatus,
        oi.created_time scheduleTime,
        oi.passenger_name passengerName,
        oi.passenger_phone passengerPhone
    </sql>

    <select id="selectOrderInfoById" parameterType="long" resultType="com.smzc.taxi.order.domain.OrderInfo">
        select id,
               status,
               plan_from_address,
               plan_to_address,
               subscriber_phone,
               subscriber_name,
               passenger_phone,
               passenger_name,
               driver_name,
               driver_company,
               driver_phone,
               vehicle_no,
               city_name,
               vehicle_id,
               driver_id
        from order_info
        where id = #{orderId}
    </select>

    <!-- 查询行程中的订单 -->
    <select id="getInTrip" resultType="com.smzc.taxi.order.domain.OrderPassenger">
        SELECT
        <include refid="orderList_field"/>
        FROM
        order_info oi
        JOIN order_address oa ON oi.id = oa.order_id
        where oi.subscriber_id = #{subscriberId} and oi.status in
        <foreach collection="list" item="status" separator="," open="(" close=")">
            #{status}
        </foreach>
        order by oi.created_time desc
    </select>

    <!-- 查询待支付的订单 -->
    <select id="selectWaitPayOrder" resultType="com.smzc.taxi.order.domain.OrderInfo">
        select id,type from order_info where subscriber_id = #{subscriberId} and status in
        <foreach collection="list" item="status" open="(" close=")" separator=",">
            #{status}
        </foreach>
        limit 1
    </select>

    <resultMap id="DriverInfoMap" type="com.smzc.taxi.service.order.bean.vo.OrderDrivingVo">
        <result column="driver_id" jdbcType="BIGINT" property="driverId"/>
        <result column="city_code" jdbcType="VARCHAR" property="cityCode"/>
        <result column="driver_phone" jdbcType="VARCHAR" property="driverPhone"/>
        <result column="driver_name" jdbcType="VARCHAR" property="driverName"/>
        <result column="vehicle_id" jdbcType="BIGINT" property="vehicleId"/>
        <result column="vehicle_no" jdbcType="VARCHAR" property="vehicleNo"/>
        <result column="passenger_phone" jdbcType="VARCHAR" property="passengerPhone"/>
        <result column="pay_amount" jdbcType="INTEGER" property="payAmount"/>
        <result column="created_time" jdbcType="TIMESTAMP" property="scheduleTime"/>
        <result column="status" jdbcType="TINYINT" property="status"/>
        <result column="id" jdbcType="BIGINT" property="orderId"/>
        <result column="plan_to_address" jdbcType="VARCHAR" property="toAddress"/>
        <result column="plan_to_latitude" jdbcType="DOUBLE" property="toLatitude"/>
        <result column="plan_to_longitude" jdbcType="DOUBLE" property="toLongitude"/>
        <result column="plan_from_address" jdbcType="VARCHAR" property="fromAddress"/>
        <result column="plan_from_latitude" jdbcType="DOUBLE" property="fromLatitude"/>
        <result column="plan_from_longitude" jdbcType="DOUBLE" property="fromLongitude"/>
        <result column="updated_time" jdbcType="TIMESTAMP" property="updateTime"/>
        <result column="plan_from_uid" jdbcType="VARCHAR" property="planFromUid"/>
        <result column="plan_to_uid" jdbcType="VARCHAR" property="planToUid"/>
        <result column="plan_from_city_name" jdbcType="VARCHAR" property="planFromCityName"/>
        <result column="plan_from_city_code" jdbcType="VARCHAR" property="planFromCityCode"/>
        <result column="plan_to_city_name" jdbcType="VARCHAR" property="planToCityName"/>
        <result column="plan_to_city_code" jdbcType="VARCHAR" property="planToCityCode"/>
        <result column="plan_from_street" jdbcType="VARCHAR" property="fromAddress"/>
        <result column="plan_from_address" jdbcType="VARCHAR" property="fromStreet"/>
        <result column="plan_to_address" jdbcType="VARCHAR" property="toAddress"/>
        <result column="plan_to_street" jdbcType="VARCHAR" property="toStreet"/>
        <result column="baidu_from_code" jdbcType="VARCHAR" property="baiduFromCode"/>
        <result column="baidu_to_code" jdbcType="VARCHAR" property="baiduToCode"/>
    </resultMap>

    <select id="getDriverInfoByOrderId" parameterType="java.lang.Long" resultMap="DriverInfoMap">
        SELECT oi.driver_id,
               oi.city_code,
               oi.driver_phone,
               oi.driver_name,
               oi.vehicle_id,
               oi.vehicle_no,
               oi.passenger_phone,
               op.pay_amount,
               oi.created_time,
               oi.status,
               oi.id,
               oa.plan_from_latitude,
               oa.plan_from_longitude,
               oa.plan_from_address,
               oa.plan_to_latitude,
               oa.plan_to_longitude,
               oa.plan_to_address,
               oi.updated_time,
               oa.plan_from_uid,
               oa.plan_to_uid,
               oa.plan_from_city_name,
               oa.plan_from_city_code,
               oa.plan_to_city_name,
               oa.plan_to_city_code,
               oa.plan_from_street,
               oa.plan_from_address,
               oa.plan_to_address,
               oa.plan_to_street,
               oa.baidu_from_code,
               oa.baidu_to_code
        FROM order_info oi
                 JOIN order_address oa ON oi.id = oa.order_id
                 LEFT JOIN order_payoff op ON oi.id = op.order_id
        WHERE oi.id = #{orderId,jdbcType=BIGINT}
    </select>

    <!-- 查询行程分享需要的订单信息 -->
    <select id="getOrderTripShareInfoByOrderId" parameterType="java.lang.Long"
            resultType="com.smzc.taxi.service.order.bean.vo.OrderTripShareVo">
        SELECT id as order_id,
               updated_time,
               vehicle_id,
               status,
               driver_id,
               city_code,
               subscriber_id,
               subscriber_phone,
               passenger_phone,
               driver_company,
               driver_name,
               vehicle_no
        from order_info
        WHERE id = #{orderId,jdbcType=BIGINT}
    </select>

    <!-- 根据订单ID获取订单当前状态  -->
    <select id="getOrderStatusById" resultType="java.lang.Byte">
        select status
        from order_info
        where id = #{id}
    </select>

    <!-- 根据订单ID获取订单城市信息  -->
    <select id="getCityInfoById" parameterType="java.lang.Long"
            resultType="com.smzc.taxi.service.order.bean.vo.CityInfoVo">
        select city_code as cityCode, city_name as cityName
        from order_info
        where id = #{id,jdbcType=BIGINT}
    </select>

    <!-- 根据订单ID获取用户id  -->
    <select id="getSubscriberIdById" resultType="java.lang.Long">
        select subscriber_id
        from order_info
        where id = #{id,jdbcType=BIGINT}
    </select>

    <!-- 同步订单缓存 -->
    <select id="getOrderCache" resultType="com.smzc.taxi.order.domain.OrderCacheBean">
        SELECT
            o.id,
            o.driver_id,
            o.driver_name,
            o.city_code,
            o.vehicle_id,
            o.vehicle_no,
            o.subscriber_id,
            o.passenger_name,
            o.predict_time,
            o.driver_phone,
            o.passenger_phone,
            oa.plan_from_longitude,
            oa.plan_from_latitude,
            oa.plan_to_longitude,
            oa.plan_to_latitude,
            oa.plan_from_city_code,
            oa.plan_to_address,
            oa.plan_to_street,
            oa.plan_from_address,
            oa.plan_from_street,
            ext.use_time as scheduleTime,
            ext.add_type
        FROM
            order_info o
        JOIN order_address oa ON o.id = oa.order_id
        JOIN order_info_ext ext on o.id = ext.order_id
        where o.id = #{id}
    </select>

    <!-- 查询指定时间之内没有付款的订单 -->
    <select id="selectByWaitPayAndUpdTime" resultType="Long">
        select id from order_info where status in
        <foreach collection="list" item="status" open="(" close=")" separator=",">
            #{status}
        </foreach>
        and updated_time &gt;= #{date}

    </select>

    <!-- 根据用户id subscriberId统计订单数量 -->
    <select id="countBySubscriberId" parameterType="java.lang.Long" resultType="java.lang.Integer">
        select count(id) from order_info where subscriber_id = #{subscriberId,jdbcType=BIGINT}
    </select>
</mapper>
