<?xml version="1.0" encoding="UTF-8"?>
<!DOCTYPE mapper PUBLIC "-//mybatis.org//DTD Mapper 3.0//EN" "http://mybatis.org/dtd/mybatis-3-mapper.dtd">
<mapper namespace="com.smzc.taxi.order.dao.mapper.PassengerPositionShareMapper">
    <resultMap id="BaseResultMap" type="com.smzc.taxi.order.domain.PassengerPositionShare">
        <id column="id" jdbcType="BIGINT" property="id"/>
        <result column="order_id" jdbcType="BIGINT" property="orderId"/>
        <result column="latitude" jdbcType="DOUBLE" property="latitude"/>
        <result column="longitude" jdbcType="DOUBLE" property="longitude"/>
        <result column="address" jdbcType="VARCHAR" property="address"/>
        <result column="street" jdbcType="VARCHAR" property="street"/>
        <result column="division_code" jdbcType="VARCHAR" property="divisionCode"/>
        <result column="del_flag" jdbcType="TINYINT" property="delFlag"/>
        <result column="version" jdbcType="INTEGER" property="version"/>
        <result column="created_by" jdbcType="VARCHAR" property="createdBy"/>
        <result column="created_time" jdbcType="TIMESTAMP" property="createdTime"/>
        <result column="updated_by" jdbcType="VARCHAR" property="updatedBy"/>
        <result column="updated_time" jdbcType="TIMESTAMP" property="updatedTime"/>
    </resultMap>

    <sql id="Base_Column_List">
        id, order_id, latitude, longitude, address, street, division_code, del_flag, version, created_by, created_time, updated_by, updated_time
    </sql>

    <insert id="insert" parameterType="com.smzc.taxi.order.domain.OrderStatusPosition">
        insert into passenger_position_share (order_id, latitude, longitude, address, street, division_code, del_flag,
                                              version, created_by, created_time)
        values (#{orderId,jdbcType=BIGINT}, #{latitude,jdbcType=DOUBLE}, #{longitude,jdbcType=DOUBLE},
                #{address,jdbcType=VARCHAR}, #{street,jdbcType=VARCHAR}, #{divisionCode,jdbcType=VARCHAR},
                #{delFlag,jdbcType=TINYINT}, #{version,jdbcType=INTEGER}, #{createdBy,jdbcType=VARCHAR},
                #{createdTime,jdbcType=TIMESTAMP})
    </insert>

    <select id="getLatestShareByOrderId" parameterType="java.lang.Long" resultMap="BaseResultMap">
        select
        <include refid="Base_Column_List"/>
        from passenger_position_share where order_id = #{orderId,jdbcType=BIGINT}
        ORDER BY id DESC LIMIT 1
    </select>

    <select id="getOrderPositionInfo" resultType="com.smzc.taxi.order.domain.OrderPositionInfo">
        select oa.practical_from_address   as actFromAddress,
               oa.practical_from_latitude  AS actFromLatitude,
               oa.practical_from_longitude AS actFromLongitude,
               oa.practical_to_address     AS actToAddress,
               oa.practical_to_latitude    as actToLatitudee,
               oa.practical_to_longitude   AS actToLongitude,
               temp.fromTime,
               temp.toTime,
               oa.plan_from_address        as fromAddress,
               oa.plan_from_latitude       AS fromLatitude,
               oa.plan_from_longitude      as fromLongitude,
               oa.plan_to_address          AS toAddress,
               oa.plan_to_latitude         AS toLatitude,
               oa.plan_to_longitude        AS toLongitude
        from order_address oa
                LEFT JOIN
             (
                 SELECT order_id,
                        max(CASE WHEN t.to_status = 6 THEN t.created_time ELSE NULL END) AS fromTime,
                        max(CASE WHEN t.to_status = 7 THEN t.created_time ELSE NULL END) AS toTime
                 FROM order_status_history t
                 WHERE order_id = #{orderId,jdbcType=BIGINT}
                   AND t.to_status IN (6, 7)
                 GROUP BY order_id
             ) temp
             ON oa.order_id = temp.order_id
        where oa.order_id = #{orderId,jdbcType=BIGINT}
    </select>
</mapper>